{"organizationId":"1e9a64f0-1168-4205-b196-0d41fb0dc563","groupId":"1e9a64f0-1168-4205-b196-0d41fb0dc563","assetId":"banking-api","version":"1.0.0","classifier":"raml","main":"banking-api.raml","name":"Banking API","dependencies":[{"groupId":"68ef9520-24e9-4cf2-b2f5-620025690913","assetId":"training-cacheable-trait","version":"1.0.1"}],"tags":[],"metadata":{"projectId":"5bb80a45-3444-47ae-9713-c781b91d2d14","branchId":"master","commitId":"fd449d9be57b46f01b721e98b3e8174557f21393"},"originalFormatVersion":"1.0","apiVersion":"v1"}