{"main":"craftsoft-covid-19-tracking-api-group-b.raml","name":"CraftSoft-Covid-19-Tracking-API","organizationId":"fdf9542f-b7df-4b00-b804-edd8a3c95c7c","groupId":"fdf9542f-b7df-4b00-b804-edd8a3c95c7c","assetId":"craftsoft-covid-19-tracking-api","version":"1.0.2","metadata":{"branchId":"master","commitId":"0868d0453f3b3b85bd922249f88cde972a30b4f9","projectId":"d1d213e5-3dbf-454e-82f5-d3013c88a656"},"apiVersion":"1.0.0","classifier":"raml","dependencies":[],"tags":[],"originalFormatVersion":"1.0"}