{
    "": "http://json-schema.org/draft-03/schema",
    "type": "object",
    "properties": {
        "contributors_enabled": {
            "type": "boolean"
        },
        "created_at": {
            "type": "string"
        },
        "default_profile": {
            "type": "boolean"
        },
        "default_profile_image": {
            "type": "boolean"
        },
        "description": {
            "type": "string"
        },
        "favourites_count": {
            "type": "integer"
        },
        "follow_request_sent": {
            "type": "string"
        },
        "followers_count": {
            "type": "integer"
        },
        "following": {
            "type": "string"
        },
        "friends_count": {
            "type": "integer"
        },
        "geo_enabled": {
            "type": "boolean"
        },
        "id": {
            "type": "integer"
        },
        "id_str": {
            "type": "string"
        },
        "is_translator": {
            "type": "boolean"
        },
        "lang": {
            "type": "string"
        },
        "listed_count": {
            "type": "integer"
        },
        "location": {
            "type": "string"
        },
        "name": {
            "type": "string"
        },
        "notifications": {
            "type": "string"
        },
        "profile_background_color": {
            "type": "string"
        },
        "profile_background_image_url": {
            "type": "string"
        },
        "profile_background_image_url_https": {
            "type": "string"
        },
        "profile_background_tile": {
            "type": "boolean"
        },
        "profile_image_url": {
            "type": "string"
        },
        "profile_image_url_https": {
            "type": "string"
        },
        "profile_link_color": {
            "type": "string"
        },
        "profile_sidebar_border_color": {
            "type": "string"
        },
        "profile_sidebar_fill_color": {
            "type": "string"
        },
        "profile_text_color": {
            "type": "string"
        },
        "profile_use_background_image": {
            "type": "boolean"
        },
        "protected": {
            "type": "boolean"
        },
        "screen_name": {
            "type": "string"
        },
        "show_all_inline_media": {
            "type": "boolean"
        },
        "status": {
            "properties": {
                "contributors": {
                    "type": "string"
                },
                "coordinates": {
                    "properties": {
                        "coordinates": 
                            {
                                "type": "number"
                            }
                        ,
                        "type": {
                            "type": "string"
                        }
                    },
                    "type": "object"
                },
                "created_at": {
                    "type": "string"
                },
                "favorited": {
                    "type": "boolean"
                },
                "geo": {
                    "properties": {
                        "coordinates": 
                            {
                                "type": "number"
                            }
                        ,
                        "type": {
                            "type": "string"
                        }
                    },
                    "type": "object"
                },
                "id": {
                    "type": "integer"
                },
                "id_str": {
                    "type": "string"
                },
                "in_reply_to_screen_name": {
                    "type": "string"
                },
                "in_reply_to_status_id": {
                    "type": "integer"
                },
                "in_reply_to_status_id_str": {
                    "type": "string"
                },
                "in_reply_to_user_id": {
                    "type": "integer"
                },
                "in_reply_to_user_id_str": {
                    "type": "string"
                },
                "place": {
                    "properties": {
                        "attributes": {
                            "type": "string"
                        },
                        "bounding_box": {
                            "properties": {
                                "coordinates": 
                                    
                                        {
                                            "": 
                                                {
                                                    "type": "number"
                                                }
                                            
                                        }
                                    
                                ,
                                "type": {
                                    "type": "string"
                                }
                            },
                            "type": "object"
                        },
                        "country": {
                            "type": "string"
                        },
                        "country_code": {
                            "type": "string"
                        },
                        "full_name": {
                            "type": "string"
                        },
                        "id": {
                            "type": "string"
                        },
                        "name": {
                            "type": "string"
                        },
                        "place_type": {
                            "type": "string"
                        },
                        "url": {
                            "type": "string"
                        }
                    },
                    "type": "object"
                },
                "retweet_count": {
                    "type": "integer"
                },
                "retweeted": {
                    "type": "boolean"
                },
                "source": {
                    "type": "string"
                },
                "text": {
                    "type": "string"
                },
                "truncated": {
                    "type": "boolean"
                }
            },
            "type": "object"
        },
        "statuses_count": {
            "type": "integer"
        },
        "time_zone": {
            "type": "string"
        },
        "url": {
            "type": "string"
        },
        "utc_offset": {
            "type": "integer"
        },
        "verified": {
            "type": "boolean"
        }
    }
}