{
  "$schema": "http://json-schema.org/draft-03/schema",
  "required": false,
  "type": "object",
  "properties": {
    "statuses": {
      "required": false,
      "type": "array",
      "items": {
        "required": false,
        "type": "object",
        "properties": {
          "contributors": {
            "required": false,
            "type": "null"
          },
          "coordinates": {
            "required": false,
            "type": "null"
          },
          "created_at": {
            "required": false,
            "type": "string"
          },
          "entities": {
            "required": false,
            "type": "object",
            "properties": {
              "urls": {
                "required": false,
                "type": "array"
              },
              "hashtags": {
                "required": false,
                "type": "array",
                "items": {
                  "required": false,
                  "type": "object",
                  "properties": {
                    "indices": {
                      "required": false,
                      "type": "array",
                      "items": {
                        "required": false,
                        "type": "integer"
                      }
                    },
                    "text": {
                      "required": false,
                      "type": "string"
                    }
                  }
                }
              },
              "user_mentions": {
                "required": false,
                "type": "array"
              }
            }
          },
          "favorited": {
            "required": false,
            "type": "boolean"
          },
          "geo": {
            "required": false,
            "type": "null"
          },
          "id": {
            "required": false,
            "type": "integer"
          },
          "id_str": {
            "required": false,
            "type": "string"
          },
          "in_reply_to_screen_name": {
            "required": false,
            "type": "null"
          },
          "in_reply_to_status_id": {
            "required": false,
            "type": "null"
          },
          "in_reply_to_status_id_str": {
            "required": false,
            "type": "null"
          },
          "in_reply_to_user_id": {
            "required": false,
            "type": "null"
          },
          "in_reply_to_user_id_str": {
            "required": false,
            "type": "null"
          },
          "metadata": {
            "required": false,
            "type": "object",
            "properties": {
              "iso_language_code": {
                "required": false,
                "type": "string"
              },
              "result_type": {
                "required": false,
                "type": "string"
              }
            }
          },
          "place": {
            "required": false,
            "type": "null"
          },
          "retweet_count": {
            "required": false,
            "type": "integer"
          },
          "retweeted": {
            "required": false,
            "type": "boolean"
          },
          "source": {
            "required": false,
            "type": "string"
          },
          "text": {
            "required": false,
            "type": "string"
          },
          "truncated": {
            "required": false,
            "type": "boolean"
          },
          "user": {
            "required": false,
            "type": "object",
            "properties": {
              "profile_sidebar_fill_color": {
                "required": false,
                "type": "string"
              },
              "profile_sidebar_border_color": {
                "required": false,
                "type": "string"
              },
              "profile_background_tile": {
                "required": false,
                "type": "boolean"
              },
              "name": {
                "required": false,
                "type": "string"
              },
              "profile_image_url": {
                "required": false,
                "type": "string"
              },
              "created_at": {
                "required": false,
                "type": "string"
              },
              "location": {
                "required": false,
                "type": "string"
              },
              "follow_request_sent": {
                "required": false,
                "type": "null"
              },
              "profile_link_color": {
                "required": false,
                "type": "string"
              },
              "is_translator": {
                "required": false,
                "type": "boolean"
              },
              "id_str": {
                "required": false,
                "type": "string"
              },
              "entities": {
                "required": false,
                "type": "object",
                "properties": {
                  "url": {
                    "required": false,
                    "type": "object",
                    "properties": {
                      "urls": {
                        "required": false,
                        "type": "array",
                        "items": {
                          "required": false,
                          "type": "object",
                          "properties": {
                            "expanded_url": {
                              "required": false,
                              "type": "null"
                            },
                            "indices": {
                              "required": false,
                              "type": "array",
                              "items": {
                                "required": false,
                                "type": "integer"
                              }
                            },
                            "url": {
                              "required": false,
                              "type": "string"
                            }
                          }
                        }
                      }
                    }
                  },
                  "description": {
                    "required": false,
                    "type": "object",
                    "properties": {
                      "urls": {
                        "required": false,
                        "type": "array"
                      }
                    }
                  }
                }
              },
              "default_profile": {
                "required": false,
                "type": "boolean"
              },
              "contributors_enabled": {
                "required": false,
                "type": "boolean"
              },
              "favourites_count": {
                "required": false,
                "type": "integer"
              },
              "url": {
                "required": false,
                "type": "null"
              },
              "profile_image_url_https": {
                "required": false,
                "type": "string"
              },
              "utc_offset": {
                "required": false,
                "type": "integer"
              },
              "id": {
                "required": false,
                "type": "integer"
              },
              "profile_use_background_image": {
                "required": false,
                "type": "boolean"
              },
              "listed_count": {
                "required": false,
                "type": "integer"
              },
              "profile_text_color": {
                "required": false,
                "type": "string"
              },
              "lang": {
                "required": false,
                "type": "string"
              },
              "followers_count": {
                "required": false,
                "type": "integer"
              },
              "protected": {
                "required": false,
                "type": "boolean"
              },
              "notifications": {
                "required": false,
                "type": "null"
              },
              "profile_background_image_url_https": {
                "required": false,
                "type": "string"
              },
              "profile_background_color": {
                "required": false,
                "type": "string"
              },
              "verified": {
                "required": false,
                "type": "boolean"
              },
              "geo_enabled": {
                "required": false,
                "type": "boolean"
              },
              "time_zone": {
                "required": false,
                "type": "string"
              },
              "description": {
                "required": false,
                "type": "string"
              },
              "default_profile_image": {
                "required": false,
                "type": "boolean"
              },
              "profile_background_image_url": {
                "required": false,
                "type": "string"
              },
              "statuses_count": {
                "required": false,
                "type": "integer"
              },
              "friends_count": {
                "required": false,
                "type": "integer"
              },
              "following": {
                "required": false,
                "type": "null"
              },
              "show_all_inline_media": {
                "required": false,
                "type": "boolean"
              },
              "screen_name": {
                "required": false,
                "type": "string"
              }
            }
          }
        }
      }
    },
    "search_metadata": {
      "required": false,
      "type": "object",
      "properties": {
        "max_id": {
          "required": false,
          "type": "integer"
        },
        "since_id": {
          "required": false,
          "type": "integer"
        },
        "refresh_url": {
          "required": false,
          "type": "string"
        },
        "next_results": {
          "required": false,
          "type": "string"
        },
        "count": {
          "required": false,
          "type": "integer"
        },
        "completed_in": {
          "required": false,
          "type": "number"
        },
        "since_id_str": {
          "required": false,
          "type": "string"
        },
        "query": {
          "required": false,
          "type": "string"
        },
        "max_id_str": {
          "required": false,
          "type": "string"
        }
      }
    }
  }
}