{"main":"craftsoft-covid-19-tracking-api-group-b.raml","name":"CraftSoft-Covid-19-tracking API-Group-B","organizationId":"1e9a64f0-1168-4205-b196-0d41fb0dc563","groupId":"1e9a64f0-1168-4205-b196-0d41fb0dc563","assetId":"craftsoft-covid-19-tracking-api-group-b","version":"1.0.2","metadata":{"branchId":"master","commitId":"499013d49a12bf25464d9992c6139a59f824b5e7","projectId":"bdbf682d-f01b-4845-9260-e3edcdc55d28"},"apiVersion":"1.0.0","classifier":"raml","dependencies":[],"tags":[],"originalFormatVersion":"1.0"}