{
  "previous_cursor": 0,
  "previous_cursor_str": "0",
  "next_cursor": 0,
  "users": [
    {
      "profile_sidebar_fill_color": "DDEEF6",
      "profile_background_tile": false,
      "profile_sidebar_border_color": "C0DEED",
      "name": "Javier Heady \r",
      "created_at": "Thu Mar 01 00:16:47 +0000 2012",
      "profile_image_url": "http://a0.twimg.com/sticky/default_profile_images/default_profile_4_normal.png",
      "location": "",
      "is_translator": false,
      "follow_request_sent": false,
      "profile_link_color": "0084B4",
      "id_str": "509466276",
      "entities": {
        "description": {
          "urls": [
 
          ]
        }
      },
      "contributors_enabled": false,
      "favourites_count": 0,
      "url": null,
      "default_profile": true,
      "utc_offset": null,
      "profile_image_url_https": "https://si0.twimg.com/sticky/default_profile_images/default_profile_4_normal.png",
      "id": 509466276,
      "listed_count": 0,
      "profile_use_background_image": true,
      "followers_count": 0,
      "protected": false,
      "lang": "en",
      "profile_text_color": "333333",
      "profile_background_color": "C0DEED",
      "notifications": false,
      "verified": false,
      "description": "",
      "geo_enabled": false,
      "time_zone": null,
      "profile_background_image_url_https": "https://si0.twimg.com/images/themes/theme1/bg.png",
      "friends_count": 0,
      "default_profile_image": true,
      "statuses_count": 4,
      "profile_background_image_url": "http://a0.twimg.com/images/themes/theme1/bg.png",
      "following": false,
      "screen_name": "javierg3ong"
    }
  ],
  "next_cursor_str": "0"
}