{
  "characters_reserved_per_media": 23,
  "max_media_per_upload": 1,
  "non_username_paths": [
    "about",
    "account",
    "accounts",
    "activity",
    "all",
    "announcements",
    "anywhere",
    "api_rules",
    "api_terms",
    "apirules",
    "apps",
    "auth",
    "badges",
    "blog",
    "business",
    "buttons",
    "contacts",
    "devices",
    "direct_messages",
    "download",
    "downloads",
    "edit_announcements",
    "faq",
    "favorites",
    "find_sources",
    "find_users",
    "followers",
    "following",
    "friend_request",
    "friendrequest",
    "friends",
    "goodies",
    "help",
    "home",
    "im_account",
    "inbox",
    "invitations",
    "invite",
    "jobs",
    "list",
    "login",
    "logo",
    "logout",
    "me",
    "mentions",
    "messages",
    "mockview",
    "newtwitter",
    "notifications",
    "nudge",
    "oauth",
    "phoenix_search",
    "positions",
    "privacy",
    "public_timeline",
    "related_tweets",
    "replies",
    "retweeted_of_mine",
    "retweets",
    "retweets_by_others",
    "rules",
    "saved_searches",
    "search",
    "sent",
    "settings",
    "share",
    "signup",
    "signin",
    "similar_to",
    "statistics",
    "terms",
    "tos",
    "translate",
    "trends",
    "tweetbutton",
    "twttr",
    "update_discoverability",
    "users",
    "welcome",
    "who_to_follow",
    "widgets",
    "zendesk_auth",
    "media_signup"
  ],
  "photo_size_limit": 3145728,
  "photo_sizes": {
    "large": {
      "w": 1024,
      "resize": "fit",
      "h": 2048
    },
    "medium": {
      "w": 600,
      "resize": "fit",
      "h": 1200
    },
    "small": {
      "w": 340,
      "resize": "fit",
      "h": 480
    },
    "thumb": {
      "w": 150,
      "resize": "crop",
      "h": 150
    }
  },
  "short_url_length_https": 23,
  "short_url_length": 22
}