{
  "rate_limit_context": {
    "access_token": "119476949-oYGCs2M5duG5QalbOAK2YUZh8zG3ur7DPYo5qIFN"
  },
  "resources": {
    "help": {
      "/help/privacy": {
        "remaining": 15,
        "reset": 1346439527,
        "limit": 15
      },
      "/help/configuration": {
        "remaining": 15,
        "reset": 1346439527,
        "limit": 15
      },
      "/help/tos": {
        "remaining": 15,
        "reset": 1346439527,
        "limit": 15
      },
      "/help/languages": {
        "remaining": 15,
        "reset": 1346439527,
        "limit": 15
      }
    },
    "statuses": {
      "/statuses/oembed": {
        "remaining": 180,
        "reset": 1346439527,
        "limit": 180
      },
      "/statuses/user_timeline": {
        "remaining": 180,
        "reset": 1346439527,
        "limit": 180
      },
      "/statuses/mentions_timeline": {
        "remaining": 15,
        "reset": 1346439527,
        "limit": 15
      },
      "/statuses/home_timeline": {
        "remaining": 15,
        "reset": 1346439527,
        "limit": 15
      },
      "/statuses/show/:id": {
        "remaining": 180,
        "reset": 1346439527,
        "limit": 180
      },
      "/statuses/retweets/:id": {
        "remaining": 15,
        "reset": 1346439527,
        "limit": 15
      }
    },
    "users": {
      "/users/show": {
        "remaining": 180,
        "reset": 1346439527,
        "limit": 180
      },
      "/users/search": {
        "remaining": 180,
        "reset": 1346439527,
        "limit": 180
      },
      "/users/suggestions": {
        "remaining": 15,
        "reset": 1346439527,
        "limit": 15
      },
      "/users/contributors": {
        "remaining": 15,
        "reset": 1346439527,
        "limit": 15
      },
      "/users/suggestions/:slug/members": {
        "remaining": 15,
        "reset": 1346439527,
        "limit": 15
      },
      "/users/suggestions/:slug": {
        "remaining": 15,
        "reset": 1346439527,
        "limit": 15
      },
      "/users/contributees": {
        "remaining": 15,
        "reset": 1346439527,
        "limit": 15
      },
      "/users/lookup": {
        "remaining": 180,
        "reset": 1346439527,
        "limit": 180
      }
    },
    "search": {
      "/search/tweets": {
        "remaining": 180,
        "reset": 1346439527,
        "limit": 180
      }
    }
  }
}