[
    {
        "coordinates": null,
        "created_at": "Mon Mar 05 18:31:56 +0000 2012",
        "favorited": false,
        "truncated": false,
        "retweeted_status": {
            "coordinates": null,
            "created_at": "Mon Jan 03 15:15:36 +0000 2011",
            "favorited": false,
            "truncated": false,
            "id_str": "21947795900469248",
            "in_reply_to_user_id_str": null,
            "entities": {
                "urls": [],
                "media": [],
                "hashtags": [],
                "user_mentions": []
            },
            "text": "It's 2011. I work at Twitter. And so let's go kick some ass.",
            "contributors": null,
            "id": 21947795900469250,
            "retweet_count": 4,
            "in_reply_to_status_id_str": null,
            "geo": null,
            "retweeted": false,
            "in_reply_to_user_id": null,
            "source": "<a href=\"http://sites.google.com/site/yorufukurou/\" rel=\"nofollow\">YoruFukurou</a>",
            "in_reply_to_screen_name": null,
            "user": {
                "profile_sidebar_border_color": "000000",
                "name": "Taylor Singletary",
                "profile_sidebar_fill_color": "FBFBFB",
                "profile_background_tile": true,
                "created_at": "Wed Mar 07 22:23:19 +0000 2007",
                "profile_image_url": "http://a0.twimg.com/profile_images/2596092158/afpecvf41m8f0juql78p_normal.png",
                "location": "San Francisco, CA",
                "follow_request_sent": false,
                "is_translator": false,
                "id_str": "819797",
                "profile_link_color": "C71818",
                "entities": {
                    "url": {
                        "urls": [
                            {
                                "expanded_url": "http://t.co/Lxw7upbN",
                                "url": "http://t.co/Lxw7upbN",
                                "indices": [
                                    0,
                                    20
                                ],
                                "display_url": "t.co/Lxw7upbN"
                            }
                        ]
                    },
                    "description": {
                        "urls": []
                    }
                },
                "url": "http://t.co/Lxw7upbN",
                "default_profile": false,
                "contributors_enabled": false,
                "favourites_count": 16148,
                "utc_offset": -28800,
                "profile_image_url_https": "https://si0.twimg.com/profile_images/2596092158/afpecvf41m8f0juql78p_normal.png",
                "id": 819797,
                "listed_count": 340,
                "profile_use_background_image": true,
                "profile_text_color": "D20909",
                "protected": false,
                "lang": "en",
                "followers_count": 7235,
                "geo_enabled": true,
                "verified": false,
                "notifications": false,
                "description": "Reality Technician, Twitter API team, synth enthusiast. A most excellent adventure in timelines. Namenandclaimen.",
                "profile_background_color": "000000",
                "time_zone": "Pacific Time (US & Canada)",
                "profile_background_image_url_https": "https://si0.twimg.com/profile_background_images/643655842/hzfv12wini4q60zzrthg.png",
                "profile_background_image_url": "http://a0.twimg.com/profile_background_images/643655842/hzfv12wini4q60zzrthg.png",
                "statuses_count": 18189,
                "default_profile_image": false,
                "friends_count": 5456,
                "show_all_inline_media": true,
                "screen_name": "episod",
                "following": false
            },
            "place": null,
            "in_reply_to_status_id": null
        },
        "id_str": "176736821278019585",
        "in_reply_to_user_id_str": null,
        "entities": {
            "urls": [],
            "media": [],
            "hashtags": [],
            "user_mentions": [
                {
                    "name": "Taylor Singletary",
                    "id_str": "819797",
                    "id": 819797,
                    "indices": [
                        3,
                        10
                    ],
                    "screen_name": "episod"
                }
            ]
        },
        "text": "RT @episod: It's 2011. I work at Twitter. And so let's go kick some ass.",
        "contributors": null,
        "id": 176736821278019600,
        "retweet_count": 4,
        "in_reply_to_status_id_str": null,
        "geo": null,
        "retweeted": false,
        "in_reply_to_user_id": null,
        "source": "web",
        "in_reply_to_screen_name": null,
        "user": {
            "profile_sidebar_border_color": "C0DEED",
            "name": "Haodong Yang",
            "profile_sidebar_fill_color": "DDEEF6",
            "profile_background_tile": false,
            "created_at": "Tue Sep 27 19:48:49 +0000 2011",
            "profile_image_url": "http://a0.twimg.com/profile_images/1629930876/DD2_11_normal.jpg",
            "location": "Philly, PA",
            "follow_request_sent": false,
            "is_translator": false,
            "id_str": "381124736",
            "profile_link_color": "0084B4",
            "entities": {
                "description": {
                    "urls": []
                }
            },
            "url": null,
            "default_profile": true,
            "contributors_enabled": false,
            "favourites_count": 0,
            "utc_offset": -18000,
            "profile_image_url_https": "https://si0.twimg.com/profile_images/1629930876/DD2_11_normal.jpg",
            "id": 381124736,
            "listed_count": 0,
            "profile_use_background_image": true,
            "profile_text_color": "333333",
            "protected": false,
            "lang": "en",
            "followers_count": 4,
            "geo_enabled": false,
            "verified": false,
            "notifications": false,
            "description": "",
            "profile_background_color": "C0DEED",
            "time_zone": "Quito",
            "profile_background_image_url_https": "https://si0.twimg.com/images/themes/theme1/bg.png",
            "profile_background_image_url": "http://a0.twimg.com/images/themes/theme1/bg.png",
            "statuses_count": 50,
            "default_profile_image": false,
            "friends_count": 15,
            "show_all_inline_media": false,
            "screen_name": "HaodongYang2ll",
            "following": false
        },
        "place": null,
        "in_reply_to_status_id": null
    },
    {
        "coordinates": null,
        "created_at": "Wed Jan 18 00:12:16 +0000 2012",
        "favorited": false,
        "truncated": false,
        "retweeted_status": {
            "coordinates": null,
            "created_at": "Mon Jan 03 15:15:36 +0000 2011",
            "favorited": false,
            "truncated": false,
            "id_str": "21947795900469248",
            "in_reply_to_user_id_str": null,
            "entities": {
                "urls": [],
                "media": [],
                "hashtags": [],
                "user_mentions": []
            },
            "text": "It's 2011. I work at Twitter. And so let's go kick some ass.",
            "contributors": null,
            "id": 21947795900469250,
            "retweet_count": 4,
            "in_reply_to_status_id_str": null,
            "geo": null,
            "retweeted": false,
            "in_reply_to_user_id": null,
            "source": "<a href=\"http://sites.google.com/site/yorufukurou/\" rel=\"nofollow\">YoruFukurou</a>",
            "in_reply_to_screen_name": null,
            "user": {
                "profile_sidebar_border_color": "000000",
                "name": "Taylor Singletary",
                "profile_sidebar_fill_color": "FBFBFB",
                "profile_background_tile": true,
                "created_at": "Wed Mar 07 22:23:19 +0000 2007",
                "profile_image_url": "http://a0.twimg.com/profile_images/2596092158/afpecvf41m8f0juql78p_normal.png",
                "location": "San Francisco, CA",
                "follow_request_sent": false,
                "is_translator": false,
                "id_str": "819797",
                "profile_link_color": "C71818",
                "entities": {
                    "url": {
                        "urls": [
                            {
                                "expanded_url": "http://t.co/Lxw7upbN",
                                "url": "http://t.co/Lxw7upbN",
                                "indices": [
                                    0,
                                    20
                                ],
                                "display_url": "t.co/Lxw7upbN"
                            }
                        ]
                    },
                    "description": {
                        "urls": []
                    }
                },
                "url": "http://t.co/Lxw7upbN",
                "default_profile": false,
                "contributors_enabled": false,
                "favourites_count": 16148,
                "utc_offset": -28800,
                "profile_image_url_https": "https://si0.twimg.com/profile_images/2596092158/afpecvf41m8f0juql78p_normal.png",
                "id": 819797,
                "listed_count": 340,
                "profile_use_background_image": true,
                "profile_text_color": "D20909",
                "protected": false,
                "lang": "en",
                "followers_count": 7235,
                "geo_enabled": true,
                "verified": false,
                "notifications": false,
                "description": "Reality Technician, Twitter API team, synth enthusiast. A most excellent adventure in timelines. Namenandclaimen.",
                "profile_background_color": "000000",
                "time_zone": "Pacific Time (US & Canada)",
                "profile_background_image_url_https": "https://si0.twimg.com/profile_background_images/643655842/hzfv12wini4q60zzrthg.png",
                "profile_background_image_url": "http://a0.twimg.com/profile_background_images/643655842/hzfv12wini4q60zzrthg.png",
                "statuses_count": 18189,
                "default_profile_image": false,
                "friends_count": 5456,
                "show_all_inline_media": true,
                "screen_name": "episod",
                "following": false
            },
            "place": null,
            "in_reply_to_status_id": null
        },
        "id_str": "159427850091499521",
        "in_reply_to_user_id_str": null,
        "entities": {
            "urls": [],
            "media": [],
            "hashtags": [],
            "user_mentions": [
                {
                    "name": "Taylor Singletary",
                    "id_str": "819797",
                    "id": 819797,
                    "indices": [
                        3,
                        10
                    ],
                    "screen_name": "episod"
                }
            ]
        },
        "text": "RT @episod: It's 2011. I work at Twitter. And so let's go kick some ass.",
        "contributors": null,
        "id": 159427850091499520,
        "retweet_count": 4,
        "in_reply_to_status_id_str": null,
        "geo": null,
        "retweeted": false,
        "in_reply_to_user_id": null,
        "source": "web",
        "in_reply_to_screen_name": null,
        "user": {
            "profile_sidebar_border_color": "DDDDDD",
            "name": "Jed Sundwall",
            "profile_sidebar_fill_color": "EEEEEE",
            "profile_background_tile": false,
            "created_at": "Tue May 01 17:44:32 +0000 2007",
            "profile_image_url": "http://a0.twimg.com/profile_images/2349550745/545z8g5d160mrg46ia78_normal.jpeg",
            "location": "San Diego",
            "follow_request_sent": false,
            "is_translator": false,
            "id_str": "5689832",
            "profile_link_color": "003366",
            "entities": {
                "url": {
                    "urls": [
                        {
                            "expanded_url": null,
                            "url": "http://measuredvoice.com",
                            "indices": [
                                0,
                                24
                            ],
                            "display_url": null
                        }
                    ]
                },
                "description": {
                    "urls": []
                }
            },
            "url": "http://measuredvoice.com",
            "default_profile": false,
            "contributors_enabled": false,
            "favourites_count": 1379,
            "utc_offset": -28800,
            "profile_image_url_https": "https://si0.twimg.com/profile_images/2349550745/545z8g5d160mrg46ia78_normal.jpeg",
            "id": 5689832,
            "listed_count": 102,
            "profile_use_background_image": false,
            "profile_text_color": "222222",
            "protected": false,
            "lang": "en",
            "followers_count": 1393,
            "geo_enabled": true,
            "verified": false,
            "notifications": false,
            "description": "Dad. CEO of @MeasuredVoice. “Normally, I’m against big things. I think the world’s going to be solved by millions of small things.” — Pete Seeger",
            "profile_background_color": "FFFFFF",
            "time_zone": "Pacific Time (US & Canada)",
            "profile_background_image_url_https": "https://si0.twimg.com/profile_background_images/134971286/twitter-template.png",
            "profile_background_image_url": "http://a0.twimg.com/profile_background_images/134971286/twitter-template.png",
            "statuses_count": 9134,
            "default_profile_image": false,
            "friends_count": 293,
            "show_all_inline_media": true,
            "screen_name": "jedsundwall",
            "following": true
        },
        "place": null,
        "in_reply_to_status_id": null
    },
    {
        "coordinates": null,
        "created_at": "Tue Jan 10 05:31:38 +0000 2012",
        "favorited": false,
        "truncated": false,
        "retweeted_status": {
            "coordinates": null,
            "created_at": "Mon Jan 03 15:15:36 +0000 2011",
            "favorited": false,
            "truncated": false,
            "id_str": "21947795900469248",
            "in_reply_to_user_id_str": null,
            "entities": {
                "urls": [],
                "media": [],
                "hashtags": [],
                "user_mentions": []
            },
            "text": "It's 2011. I work at Twitter. And so let's go kick some ass.",
            "contributors": null,
            "id": 21947795900469250,
            "retweet_count": 4,
            "in_reply_to_status_id_str": null,
            "geo": null,
            "retweeted": false,
            "in_reply_to_user_id": null,
            "source": "<a href=\"http://sites.google.com/site/yorufukurou/\" rel=\"nofollow\">YoruFukurou</a>",
            "in_reply_to_screen_name": null,
            "user": {
                "profile_sidebar_border_color": "000000",
                "name": "Taylor Singletary",
                "profile_sidebar_fill_color": "FBFBFB",
                "profile_background_tile": true,
                "created_at": "Wed Mar 07 22:23:19 +0000 2007",
                "profile_image_url": "http://a0.twimg.com/profile_images/2596092158/afpecvf41m8f0juql78p_normal.png",
                "location": "San Francisco, CA",
                "follow_request_sent": false,
                "is_translator": false,
                "id_str": "819797",
                "profile_link_color": "C71818",
                "entities": {
                    "url": {
                        "urls": [
                            {
                                "expanded_url": "http://t.co/Lxw7upbN",
                                "url": "http://t.co/Lxw7upbN",
                                "indices": [
                                    0,
                                    20
                                ],
                                "display_url": "t.co/Lxw7upbN"
                            }
                        ]
                    },
                    "description": {
                        "urls": []
                    }
                },
                "url": "http://t.co/Lxw7upbN",
                "default_profile": false,
                "contributors_enabled": false,
                "favourites_count": 16148,
                "utc_offset": -28800,
                "profile_image_url_https": "https://si0.twimg.com/profile_images/2596092158/afpecvf41m8f0juql78p_normal.png",
                "id": 819797,
                "listed_count": 340,
                "profile_use_background_image": true,
                "profile_text_color": "D20909",
                "protected": false,
                "lang": "en",
                "followers_count": 7235,
                "geo_enabled": true,
                "verified": false,
                "notifications": false,
                "description": "Reality Technician, Twitter API team, synth enthusiast. A most excellent adventure in timelines. Namenandclaimen.",
                "profile_background_color": "000000",
                "time_zone": "Pacific Time (US & Canada)",
                "profile_background_image_url_https": "https://si0.twimg.com/profile_background_images/643655842/hzfv12wini4q60zzrthg.png",
                "profile_background_image_url": "http://a0.twimg.com/profile_background_images/643655842/hzfv12wini4q60zzrthg.png",
                "statuses_count": 18189,
                "default_profile_image": false,
                "friends_count": 5456,
                "show_all_inline_media": true,
                "screen_name": "episod",
                "following": false
            },
            "place": null,
            "in_reply_to_status_id": null
        },
        "id_str": "156609121603432448",
        "in_reply_to_user_id_str": null,
        "entities": {
            "urls": [],
            "media": [],
            "hashtags": [],
            "user_mentions": [
                {
                    "name": "Taylor Singletary",
                    "id_str": "819797",
                    "id": 819797,
                    "indices": [
                        3,
                        10
                    ],
                    "screen_name": "episod"
                }
            ]
        },
        "text": "RT @episod: It's 2011. I work at Twitter. And so let's go kick some ass.",
        "contributors": null,
        "id": 156609121603432450,
        "retweet_count": 4,
        "in_reply_to_status_id_str": null,
        "geo": null,
        "retweeted": false,
        "in_reply_to_user_id": null,
        "source": "<a href=\"http://hugeflow.com\" rel=\"nofollow\">Morning Brief</a>",
        "in_reply_to_screen_name": null,
        "user": {
            "profile_sidebar_border_color": "C0DEED",
            "name": "SEUNGMAN KIM",
            "profile_sidebar_fill_color": "DDEEF6",
            "profile_background_tile": false,
            "created_at": "Tue Jun 08 15:50:31 +0000 2010",
            "profile_image_url": "http://a0.twimg.com/profile_images/1694740268/image_normal",
            "location": "",
            "follow_request_sent": false,
            "is_translator": false,
            "id_str": "153449734",
            "profile_link_color": "0084B4",
            "entities": {
                "description": {
                    "urls": []
                }
            },
            "url": null,
            "default_profile": true,
            "contributors_enabled": false,
            "favourites_count": 0,
            "utc_offset": -36000,
            "profile_image_url_https": "https://si0.twimg.com/profile_images/1694740268/image_normal",
            "id": 153449734,
            "listed_count": 0,
            "profile_use_background_image": true,
            "profile_text_color": "333333",
            "protected": false,
            "lang": "en",
            "followers_count": 2,
            "geo_enabled": false,
            "verified": false,
            "notifications": false,
            "description": "",
            "profile_background_color": "C0DEED",
            "time_zone": "Hawaii",
            "profile_background_image_url_https": "https://si0.twimg.com/images/themes/theme1/bg.png",
            "profile_background_image_url": "http://a0.twimg.com/images/themes/theme1/bg.png",
            "statuses_count": 36,
            "default_profile_image": false,
            "friends_count": 3,
            "show_all_inline_media": false,
            "screen_name": "MrGoldsman",
            "following": false
        },
        "place": null,
        "in_reply_to_status_id": null
    },
    {
        "coordinates": null,
        "created_at": "Mon Jan 03 15:17:31 +0000 2011",
        "favorited": false,
        "truncated": false,
        "retweeted_status": {
            "coordinates": null,
            "created_at": "Mon Jan 03 15:15:36 +0000 2011",
            "favorited": false,
            "truncated": false,
            "id_str": "21947795900469248",
            "in_reply_to_user_id_str": null,
            "entities": {
                "urls": [],
                "media": [],
                "hashtags": [],
                "user_mentions": []
            },
            "text": "It's 2011. I work at Twitter. And so let's go kick some ass.",
            "contributors": null,
            "id": 21947795900469250,
            "retweet_count": 4,
            "in_reply_to_status_id_str": null,
            "geo": null,
            "retweeted": false,
            "in_reply_to_user_id": null,
            "source": "<a href=\"http://sites.google.com/site/yorufukurou/\" rel=\"nofollow\">YoruFukurou</a>",
            "in_reply_to_screen_name": null,
            "user": {
                "profile_sidebar_border_color": "000000",
                "name": "Taylor Singletary",
                "profile_sidebar_fill_color": "FBFBFB",
                "profile_background_tile": true,
                "created_at": "Wed Mar 07 22:23:19 +0000 2007",
                "profile_image_url": "http://a0.twimg.com/profile_images/2596092158/afpecvf41m8f0juql78p_normal.png",
                "location": "San Francisco, CA",
                "follow_request_sent": false,
                "is_translator": false,
                "id_str": "819797",
                "profile_link_color": "C71818",
                "entities": {
                    "url": {
                        "urls": [
                            {
                                "expanded_url": "http://t.co/Lxw7upbN",
                                "url": "http://t.co/Lxw7upbN",
                                "indices": [
                                    0,
                                    20
                                ],
                                "display_url": "t.co/Lxw7upbN"
                            }
                        ]
                    },
                    "description": {
                        "urls": []
                    }
                },
                "url": "http://t.co/Lxw7upbN",
                "default_profile": false,
                "contributors_enabled": false,
                "favourites_count": 16148,
                "utc_offset": -28800,
                "profile_image_url_https": "https://si0.twimg.com/profile_images/2596092158/afpecvf41m8f0juql78p_normal.png",
                "id": 819797,
                "listed_count": 340,
                "profile_use_background_image": true,
                "profile_text_color": "D20909",
                "protected": false,
                "lang": "en",
                "followers_count": 7235,
                "geo_enabled": true,
                "verified": false,
                "notifications": false,
                "description": "Reality Technician, Twitter API team, synth enthusiast. A most excellent adventure in timelines. Namenandclaimen.",
                "profile_background_color": "000000",
                "time_zone": "Pacific Time (US & Canada)",
                "profile_background_image_url_https": "https://si0.twimg.com/profile_background_images/643655842/hzfv12wini4q60zzrthg.png",
                "profile_background_image_url": "http://a0.twimg.com/profile_background_images/643655842/hzfv12wini4q60zzrthg.png",
                "statuses_count": 18189,
                "default_profile_image": false,
                "friends_count": 5456,
                "show_all_inline_media": true,
                "screen_name": "episod",
                "following": false
            },
            "place": null,
            "in_reply_to_status_id": null
        },
        "id_str": "21948274806095872",
        "in_reply_to_user_id_str": null,
        "entities": {
            "urls": [],
            "media": [],
            "hashtags": [],
            "user_mentions": [
                {
                    "name": "Taylor Singletary",
                    "id_str": "819797",
                    "id": 819797,
                    "indices": [
                        3,
                        10
                    ],
                    "screen_name": "episod"
                }
            ]
        },
        "text": "RT @episod: It's 2011. I work at Twitter. And so let's go kick some ass.",
        "contributors": null,
        "id": 21948274806095870,
        "retweet_count": 4,
        "in_reply_to_status_id_str": null,
        "geo": null,
        "retweeted": false,
        "in_reply_to_user_id": null,
        "source": "web",
        "in_reply_to_screen_name": null,
        "user": {
            "profile_sidebar_border_color": "303030",
            "name": "Keef M",
            "profile_sidebar_fill_color": "9FBAC9",
            "profile_background_tile": false,
            "created_at": "Thu Mar 22 15:35:51 +0000 2007",
            "profile_image_url": "http://a0.twimg.com/profile_images/1258930645/new-wee-mee_normal.jpg",
            "location": "London, UK",
            "follow_request_sent": false,
            "is_translator": false,
            "id_str": "1891481",
            "profile_link_color": "0B57A1",
            "entities": {
                "url": {
                    "urls": [
                        {
                            "expanded_url": null,
                            "url": "http://keefmoon.tumblr.com",
                            "indices": [
                                0,
                                26
                            ],
                            "display_url": null
                        }
                    ]
                },
                "description": {
                    "urls": []
                }
            },
            "url": "http://keefmoon.tumblr.com",
            "default_profile": false,
            "contributors_enabled": false,
            "favourites_count": 1513,
            "utc_offset": 0,
            "profile_image_url_https": "https://si0.twimg.com/profile_images/1258930645/new-wee-mee_normal.jpg",
            "id": 1891481,
            "listed_count": 59,
            "profile_use_background_image": true,
            "profile_text_color": "303030",
            "protected": false,
            "lang": "en",
            "followers_count": 1242,
            "geo_enabled": true,
            "verified": false,
            "notifications": false,
            "description": "Tech and gadget enthusiast. iOS Developer and Co-founder of @SonarSync",
            "profile_background_color": "303030",
            "time_zone": "London",
            "profile_background_image_url_https": "https://si0.twimg.com/profile_background_images/64877359/mqglacierlake.br.jpg",
            "profile_background_image_url": "http://a0.twimg.com/profile_background_images/64877359/mqglacierlake.br.jpg",
            "statuses_count": 17295,
            "default_profile_image": false,
            "friends_count": 1995,
            "show_all_inline_media": false,
            "screen_name": "keefmoon",
            "following": true
        },
        "place": null,
        "in_reply_to_status_id": null
    }
]