{
    "contributors": null,
    "coordinates": null,
    "created_at": "Fri Sep 07 22:46:18 +0000 2012",
    "entities": {
        "hashtags": [],
        "media": [
            {
                "display_url": "pic.twitter.com/lX5LVZO",
                "expanded_url": "http://twitter.com/fakekurrik/status/244204973972410368/photo/1",
                "id": 244204973989187600,
                "id_str": "244204973989187584",
                "indices": [
                    44,
                    63
                ],
                "media_url": "http://pbs.twimg.com/media/A2OXIUcCUAAXj9k.png",
                "media_url_https": "https://pbs.twimg.com/media/A2OXIUcCUAAXj9k.png",
                "sizes": {
                    "large": {
                        "h": 175,
                        "resize": "fit",
                        "w": 333
                    },
                    "medium": {
                        "h": 175,
                        "resize": "fit",
                        "w": 333
                    },
                    "small": {
                        "h": 175,
                        "resize": "fit",
                        "w": 333
                    },
                    "thumb": {
                        "h": 150,
                        "resize": "crop",
                        "w": 150
                    }
                },
                "type": "photo",
                "url": "http://t.co/lX5LVZO"
            }
        ],
        "urls": [],
        "user_mentions": []
    },
    "favorited": false,
    "geo": null,
    "id": 244204973972410370,
    "id_str": "244204973972410368",
    "in_reply_to_screen_name": null,
    "in_reply_to_status_id": null,
    "in_reply_to_status_id_str": null,
    "in_reply_to_user_id": null,
    "in_reply_to_user_id_str": null,
    "place": null,
    "possibly_sensitive": false,
    "retweet_count": 0,
    "retweeted": false,
    "source": "<a href=\"http://www.google.com\" rel=\"nofollow\">Fakekurrik's Test Application</a>",
    "text": "Hello 2012-09-07 15:48:27.889593 -0700 PDT! http://t.co/lX5LVZO",
    "truncated": false,
    "user": {
        "contributors_enabled": false,
        "created_at": "Fri Sep 09 16:13:20 +0000 2011",
        "default_profile": false,
        "default_profile_image": false,
        "description": "I am just a testing account, following me probably won't gain you very much",
        "entities": {
            "description": {
                "urls": []
            },
            "url": {
                "urls": [
                    {
                        "display_url": null,
                        "expanded_url": null,
                        "indices": [
                            0,
                            24
                        ],
                        "url": "http://blog.roomanna.com"
                    }
                ]
            }
        },
        "favourites_count": 1,
        "follow_request_sent": false,
        "followers_count": 2,
        "following": false,
        "friends_count": 5,
        "geo_enabled": true,
        "id": 370773112,
        "id_str": "370773112",
        "is_translator": false,
        "lang": "en",
        "listed_count": 0,
        "location": "Trapped in factory",
        "name": "fakekurrik",
        "notifications": false,
        "profile_background_color": "C0DEED",
        "profile_background_image_url": "http://a0.twimg.com/profile_background_images/616512781/iarz5lvj7lg7zpg3zv8j.jpeg",
        "profile_background_image_url_https": "https://si0.twimg.com/profile_background_images/616512781/iarz5lvj7lg7zpg3zv8j.jpeg",
        "profile_background_tile": true,
        "profile_image_url": "http://a0.twimg.com/profile_images/2440719659/x47xdzkguqxr1w1gg5un_normal.png",
        "profile_image_url_https": "https://si0.twimg.com/profile_images/2440719659/x47xdzkguqxr1w1gg5un_normal.png",
        "profile_link_color": "0084B4",
        "profile_sidebar_border_color": "C0DEED",
        "profile_sidebar_fill_color": "FFFFFF",
        "profile_text_color": "333333",
        "profile_use_background_image": true,
        "protected": true,
        "screen_name": "fakekurrik",
        "show_all_inline_media": false,
        "statuses_count": 546,
        "time_zone": "Pacific Time (US & Canada)",
        "url": "http://blog.roomanna.com",
        "utc_offset": -28800,
        "verified": false
    }
}