{
  "required" : true ,
  "$schema" : "http://json-schema.org/draft-03/schema" ,
  "type" : "object" ,
  "properties" : {
    "kind" : {
      "type" : "string" ,
      "required" : false
    } ,
    "id" : {
      "type" : "string" ,
      "required" : false
    } ,
    "resourceId" : {
      "type" : "string" ,
      "required" : false
    } ,
    "resourceUri" : {
      "type" : "string" ,
      "required" : false
    } ,
    "token" : {
      "type" : "string" ,
      "required" : false
    } ,
    "expiration" : {
      "type" : "string" ,
      "required" : false
    }
  }
}