{
  "required" : true ,
  "$schema" : "http://json-schema.org/draft-03/schema" ,
  "type" : "object" ,
  "properties" : {
    "id" : {
      "type" : "string" ,
      "required" : false
    } ,
    "token" : {
      "type" : "string" ,
      "required" : false
    } ,
    "type" : {
      "type" : "string" ,
      "required" : false
    } ,
    "address" : {
      "type" : "string" ,
      "required" : false
    } ,
    "params" : {
      "type" : "object" ,
      "required" : false ,
      "properties" : {
        "ttl" : {
          "type" : "string" ,
          "required" : false
        }
      }
    }
  }
}