{"organizationId":"1e9a64f0-1168-4205-b196-0d41fb0dc563","groupId":"1e9a64f0-1168-4205-b196-0d41fb0dc563","assetId":"banking-api","version":"1.0.1","classifier":"raml","main":"banking-api.raml","name":"Banking API","dependencies":[{"groupId":"68ef9520-24e9-4cf2-b2f5-620025690913","assetId":"training-cacheable-trait","version":"1.0.1"}],"tags":[],"metadata":{"projectId":"5bb80a45-3444-47ae-9713-c781b91d2d14","branchId":"master","commitId":"c8f56e33c98a5af54edbf564e2e556dd09b91f76"},"originalFormatVersion":"1.0","apiVersion":"v1"}