{
  "status" : "string" ,
  "summary" : "string" ,
  "description" : "string" ,
  "location" : "string" ,
  "colorId" : "string" ,
  "creator" : {
    "id" : "string" ,
    "email" : "string" ,
    "displayName" : "string" ,
    "self" : "boolean"
  } ,
  "organizer" : {
    "id" : "string" ,
    "email" : "string" ,
    "displayName" : "string" ,
    "self" : "boolean"
  } ,
  "start" : {
    "date" : "date" ,
    "dateTime" : "datetime" ,
    "timeZone" : "string"
  } ,
  "end" : {
    "date" : "date" ,
    "dateTime" : "datetime" ,
    "timeZone" : "string"
  } ,
  "endTimeUnspecified" : "boolean" ,
  "recurrence" : [
    "string"
  ] ,
  "recurringEventId" : "string" ,
  "originalStartTime" : {
    "date" : "date" ,
    "dateTime" : "datetime" ,
    "timeZone" : "string"
  } ,
  "transparency" : "string" ,
  "visibility" : "string" ,
  "iCalUID" : "string" ,
  "sequence" : "integer" ,
  "attendees" : [
    {
      "id" : "string" ,
      "email" : "string" ,
      "displayName" : "string" ,
      "organizer" : "boolean" ,
      "self" : "boolean" ,
      "resource" : "boolean" ,
      "optional" : "boolean" ,
      "responseStatus" : "string" ,
      "comment" : "string" ,
      "additionalGuests" : "integer"
    }
  ] ,
  "attendeesOmitted" : "boolean" ,
  "extendedProperties" : {
    "private" : {
      "(key)" : "string"
    } ,
    "shared" : {
      "(key)" : "string"
    }
  } ,
  "hangoutLink" : "string" ,
  "gadget" : {
    "type" : "string" ,
    "title" : "string" ,
    "link" : "string" ,
    "iconLink" : "string" ,
    "width" : "integer" ,
    "height" : "integer" ,
    "display" : "string" ,
    "preferences" : {
      "(key)" : "string"
    }
  } ,
  "anyoneCanAddSelf" : "boolean" ,
  "guestsCanInviteOthers" : "boolean" ,
  "guestsCanModify" : "boolean" ,
  "guestsCanSeeOtherGuests" : "boolean" ,
  "privateCopy" : "boolean" ,
  "locked" : "boolean" ,
  "reminders" : {
    "useDefault" : "boolean" ,
    "overrides" : [
      {
        "method" : "string" ,
        "minutes" : "integer"
      }
    ]
  } ,
  "source" : {
    "url" : "string" ,
    "title" : "string"
  }
}