{"organizationId":"1e9a64f0-1168-4205-b196-0d41fb0dc563","groupId":"1e9a64f0-1168-4205-b196-0d41fb0dc563","assetId":"customerinfo-api","version":"1.0.1","classifier":"raml","main":"customerinfo-api.raml","name":"CustomerInfo-API","dependencies":[{"groupId":"68ef9520-24e9-4cf2-b2f5-620025690913","assetId":"training-cacheable-trait","version":"1.0.1"}],"tags":[],"metadata":{"projectId":"29bcdae6-dc71-42f8-b271-213f9bbfa7bc","branchId":"master","commitId":"6e03644781c3f0fd7ecebbe6e1e6e28d75b2df62"},"originalFormatVersion":"1.0","apiVersion":"v1"}